DEP;Departement;Annee;Evo_naissance;Classe
23;Creuse;2010;-11.97;1. Moins de -5%
23;Creuse;2013;-10.12;1. Moins de -5%
46;Lot;2013;-9.55;1. Moins de -5%
36;Indre;2009;-8.14;1. Moins de -5%
48;Lozère;2010;-7.77;1. Moins de -5%
46;Lot;2009;-7.72;1. Moins de -5%
65;Hautes-Pyrénées;2008;-7.55;1. Moins de -5%
15;Cantal;2010;-7.48;1. Moins de -5%
8;Ardennes;2013;-7.27;1. Moins de -5%
16;Charente;2009;-7.04;1. Moins de -5%
46;Lot;2004;-6.96;1. Moins de -5%
53;Mayenne;2007;-6.87;1. Moins de -5%
55;Meuse;2014;-6.86;1. Moins de -5%
90;Territoire-de-Belfort;2004;-6.86;1. Moins de -5%
48;Lozère;2013;-6.75;1. Moins de -5%
79;Deux-Sèvres;2014;-6.72;1. Moins de -5%
7;Ardèche;2013;-6.64;1. Moins de -5%
65;Hautes-Pyrénées;2013;-6.54;1. Moins de -5%
3;Allier;2007;-6.45;1. Moins de -5%
36;Indre;2013;-6.09;1. Moins de -5%
3;Allier;2011;-6.06;1. Moins de -5%
8;Ardennes;2009;-5.96;1. Moins de -5%
15;Cantal;2014;-5.89;1. Moins de -5%
64;Pyrénées-Atlantiques;2007;-5.87;1. Moins de -5%
53;Mayenne;2011;-5.78;1. Moins de -5%
7;Ardèche;2004;-5.67;1. Moins de -5%
55;Meuse;2005;-5.64;1. Moins de -5%
4;Alpes-de-Haute-Provence;2014;-5.59;1. Moins de -5%
48;Lozère;2011;-5.57;1. Moins de -5%
37;Indre-et-Loire;2007;-5.56;1. Moins de -5%
61;Orne;2012;-5.54;1. Moins de -5%
46;Lot;2011;-5.51;1. Moins de -5%
53;Mayenne;2014;-5.47;1. Moins de -5%
18;Cher;2011;-5.45;1. Moins de -5%
50;Manche;2013;-5.38;1. Moins de -5%
12;Aveyron;2013;-5.35;1. Moins de -5%
23;Creuse;2004;-5.34;1. Moins de -5%
32;Gers;2006;-5.16;1. Moins de -5%
43;Haute-Loire;2007;-5.15;1. Moins de -5%
32;Gers;2011;-5.03;1. Moins de -5%
19;Corrèze;2013;-4.99;2. De -5% à -1%
90;Territoire-de-Belfort;2013;-4.99;2. De -5% à -1%
9;Ariège;2008;-4.90;2. De -5% à -1%
39;Jura;2009;-4.86;2. De -5% à -1%
5;Hautes-Alpes;2011;-4.83;2. De -5% à -1%
58;Nièvre;2008;-4.74;2. De -5% à -1%
58;Nièvre;2013;-4.74;2. De -5% à -1%
9;Ariège;2011;-4.68;2. De -5% à -1%
36;Indre;2006;-4.64;2. De -5% à -1%
70;Haute-Saône;2008;-4.61;2. De -5% à -1%
55;Meuse;2011;-4.59;2. De -5% à -1%
88;Vosges;2010;-4.59;2. De -5% à -1%
52;Haute-Marne;2009;-4.57;2. De -5% à -1%
72;Sarthe;2007;-4.56;2. De -5% à -1%
55;Meuse;2009;-4.41;2. De -5% à -1%
51;Marne;2012;-4.37;2. De -5% à -1%
40;Landes;2014;-4.35;2. De -5% à -1%
88;Vosges;2012;-4.33;2. De -5% à -1%
75;Paris;2011;-4.30;2. De -5% à -1%
88;Vosges;2011;-4.29;2. De -5% à -1%
70;Haute-Saône;2011;-4.27;2. De -5% à -1%
28;Eure-et-Loir;2013;-4.25;2. De -5% à -1%
63;Puy-de-Dôme;2011;-4.25;2. De -5% à -1%
27;Eure;2013;-4.22;2. De -5% à -1%
10;Aube;2013;-4.21;2. De -5% à -1%
89;Yonne;2014;-4.21;2. De -5% à -1%
15;Cantal;2008;-4.20;2. De -5% à -1%
24;Dordogne;2009;-4.18;2. De -5% à -1%
56;Morbihan;2009;-4.17;2. De -5% à -1%
65;Hautes-Pyrénées;2005;-4.16;2. De -5% à -1%
22;Côtes-d'Armor;2013;-4.16;2. De -5% à -1%
71;Saône-et-Loire;2013;-4.14;2. De -5% à -1%
68;Haut-Rhin;2007;-4.11;2. De -5% à -1%
42;Loire;2013;-4.09;2. De -5% à -1%
7;Ardèche;2009;-4.06;2. De -5% à -1%
79;Deux-Sèvres;2009;-4.02;2. De -5% à -1%
43;Haute-Loire;2014;-4.01;2. De -5% à -1%
22;Côtes-d'Armor;2007;-4.00;2. De -5% à -1%
61;Orne;2008;-3.95;2. De -5% à -1%
12;Aveyron;2009;-3.93;2. De -5% à -1%
25;Doubs;2011;-3.93;2. De -5% à -1%
61;Orne;2005;-3.89;2. De -5% à -1%
1;Ain;2007;-3.86;2. De -5% à -1%
82;Tarn-et-Garonne;2013;-3.84;2. De -5% à -1%
70;Haute-Saône;2013;-3.79;2. De -5% à -1%
36;Indre;2011;-3.78;2. De -5% à -1%
39;Jura;2011;-3.73;2. De -5% à -1%
89;Yonne;2010;-3.73;2. De -5% à -1%
89;Yonne;2011;-3.72;2. De -5% à -1%
54;Meurthe-et-Moselle;2007;-3.68;2. De -5% à -1%
85;Vendée;2013;-3.66;2. De -5% à -1%
80;Somme;2009;-3.61;2. De -5% à -1%
52;Haute-Marne;2012;-3.60;2. De -5% à -1%
8;Ardennes;2011;-3.60;2. De -5% à -1%
4;Alpes-de-Haute-Provence;2009;-3.57;2. De -5% à -1%
62;Pas-de-Calais;2012;-3.56;2. De -5% à -1%
86;Vienne;2013;-3.52;2. De -5% à -1%
19;Corrèze;2007;-3.52;2. De -5% à -1%
80;Somme;2014;-3.51;2. De -5% à -1%
40;Landes;2011;-3.51;2. De -5% à -1%
9;Ariège;2014;-3.47;2. De -5% à -1%
87;Haute-Vienne;2010;-3.44;2. De -5% à -1%
21;Côte-d'Or;2005;-3.44;2. De -5% à -1%
28;Eure-et-Loir;2007;-3.41;2. De -5% à -1%
64;Pyrénées-Atlantiques;2013;-3.41;2. De -5% à -1%
61;Orne;2013;-3.38;2. De -5% à -1%
63;Puy-de-Dôme;2013;-3.38;2. De -5% à -1%
22;Côtes-d'Armor;2011;-3.37;2. De -5% à -1%
56;Morbihan;2013;-3.34;2. De -5% à -1%
29;Finistère;2013;-3.33;2. De -5% à -1%
46;Lot;2007;-3.33;2. De -5% à -1%
41;Loir-et-Cher;2013;-3.32;2. De -5% à -1%
55;Meuse;2008;-3.31;2. De -5% à -1%
90;Territoire-de-Belfort;2008;-3.30;2. De -5% à -1%
57;Moselle;2011;-3.22;2. De -5% à -1%
88;Vosges;2007;-3.22;2. De -5% à -1%
30;Gard;2012;-3.20;2. De -5% à -1%
79;Deux-Sèvres;2006;-3.20;2. De -5% à -1%
11;Aude;2012;-3.17;2. De -5% à -1%
52;Haute-Marne;2005;-3.15;2. De -5% à -1%
8;Ardennes;2004;-3.11;2. De -5% à -1%
73;Savoie;2011;-3.09;2. De -5% à -1%
39;Jura;2005;-3.08;2. De -5% à -1%
88;Vosges;2014;-3.08;2. De -5% à -1%
28;Eure-et-Loir;2011;-3.08;2. De -5% à -1%
56;Morbihan;2007;-3.08;2. De -5% à -1%
58;Nièvre;2009;-3.07;2. De -5% à -1%
29;Finistère;2009;-3.06;2. De -5% à -1%
17;Charente-Maritime;2007;-3.05;2. De -5% à -1%
66;Pyrénées-Orientales;2004;-3.05;2. De -5% à -1%
49;Maine-et-Loire;2007;-3.04;2. De -5% à -1%
58;Nièvre;2005;-3.03;2. De -5% à -1%
37;Indre-et-Loire;2013;-2.97;2. De -5% à -1%
66;Pyrénées-Orientales;2007;-2.95;2. De -5% à -1%
16;Charente;2011;-2.95;2. De -5% à -1%
94;Val-de-Marne;2007;-2.95;2. De -5% à -1%
15;Cantal;2007;-2.93;2. De -5% à -1%
70;Haute-Saône;2007;-2.92;2. De -5% à -1%
11;Aude;2004;-2.92;2. De -5% à -1%
75;Paris;2007;-2.92;2. De -5% à -1%
41;Loir-et-Cher;2011;-2.91;2. De -5% à -1%
56;Morbihan;2005;-2.91;2. De -5% à -1%
15;Cantal;2011;-2.90;2. De -5% à -1%
2;Aisne;2013;-2.90;2. De -5% à -1%
83;Var;2013;-2.87;2. De -5% à -1%
58;Nièvre;2012;-2.85;2. De -5% à -1%
5;Hautes-Alpes;2010;-2.84;2. De -5% à -1%
50;Manche;2009;-2.84;2. De -5% à -1%
52;Haute-Marne;2010;-2.83;2. De -5% à -1%
11;Aude;2014;-2.82;2. De -5% à -1%
81;Tarn;2013;-2.79;2. De -5% à -1%
37;Indre-et-Loire;2011;-2.76;2. De -5% à -1%
2;Aisne;2007;-2.76;2. De -5% à -1%
76;Seine-Maritime;2013;-2.75;2. De -5% à -1%
9;Ariège;2009;-2.75;2. De -5% à -1%
3;Allier;2013;-2.74;2. De -5% à -1%
32;Gers;2010;-2.74;2. De -5% à -1%
61;Orne;2011;-2.73;2. De -5% à -1%
68;Haut-Rhin;2011;-2.72;2. De -5% à -1%
16;Charente;2014;-2.71;2. De -5% à -1%
25;Doubs;2007;-2.70;2. De -5% à -1%
24;Dordogne;2012;-2.69;2. De -5% à -1%
75;Paris;2012;-2.67;2. De -5% à -1%
87;Haute-Vienne;2013;-2.67;2. De -5% à -1%
73;Savoie;2012;-2.66;2. De -5% à -1%
45;Loiret;2005;-2.66;2. De -5% à -1%
6;Alpes-Maritimes;2009;-2.66;2. De -5% à -1%
2;Aisne;2012;-2.65;2. De -5% à -1%
58;Nièvre;2014;-2.65;2. De -5% à -1%
78;Yvelines;2007;-2.64;2. De -5% à -1%
51;Marne;2007;-2.61;2. De -5% à -1%
81;Tarn;2010;-2.61;2. De -5% à -1%
14;Calvados;2007;-2.59;2. De -5% à -1%
14;Calvados;2012;-2.59;2. De -5% à -1%
25;Doubs;2009;-2.58;2. De -5% à -1%
78;Yvelines;2004;-2.54;2. De -5% à -1%
49;Maine-et-Loire;2012;-2.51;2. De -5% à -1%
53;Mayenne;2013;-2.51;2. De -5% à -1%
30;Gard;2014;-2.50;2. De -5% à -1%
12;Aveyron;2012;-2.50;2. De -5% à -1%
47;Lot-et-Garonne;2010;-2.50;2. De -5% à -1%
18;Cher;2006;-2.48;2. De -5% à -1%
38;Isère;2011;-2.46;2. De -5% à -1%
17;Charente-Maritime;2012;-2.46;2. De -5% à -1%
43;Haute-Loire;2012;-2.43;2. De -5% à -1%
5;Hautes-Alpes;2013;-2.43;2. De -5% à -1%
86;Vienne;2011;-2.42;2. De -5% à -1%
14;Calvados;2013;-2.41;2. De -5% à -1%
23;Creuse;2007;-2.41;2. De -5% à -1%
39;Jura;2013;-2.41;2. De -5% à -1%
76;Seine-Maritime;2014;-2.41;2. De -5% à -1%
61;Orne;2004;-2.41;2. De -5% à -1%
44;Loire-Atlantique;2011;-2.40;2. De -5% à -1%
71;Saône-et-Loire;2007;-2.38;2. De -5% à -1%
72;Sarthe;2005;-2.38;2. De -5% à -1%
43;Haute-Loire;2006;-2.37;2. De -5% à -1%
67;Bas-Rhin;2011;-2.37;2. De -5% à -1%
49;Maine-et-Loire;2014;-2.35;2. De -5% à -1%
10;Aube;2011;-2.34;2. De -5% à -1%
79;Deux-Sèvres;2010;-2.33;2. De -5% à -1%
17;Charente-Maritime;2013;-2.33;2. De -5% à -1%
1;Ain;2004;-2.33;2. De -5% à -1%
14;Calvados;2014;-2.33;2. De -5% à -1%
14;Calvados;2010;-2.32;2. De -5% à -1%
66;Pyrénées-Orientales;2014;-2.32;2. De -5% à -1%
30;Gard;2007;-2.31;2. De -5% à -1%
22;Côtes-d'Armor;2014;-2.31;2. De -5% à -1%
21;Côte-d'Or;2013;-2.30;2. De -5% à -1%
40;Landes;2008;-2.30;2. De -5% à -1%
19;Corrèze;2011;-2.27;2. De -5% à -1%
1;Ain;2009;-2.27;2. De -5% à -1%
54;Meurthe-et-Moselle;2013;-2.27;2. De -5% à -1%
8;Ardennes;2006;-2.25;2. De -5% à -1%
18;Cher;2009;-2.24;2. De -5% à -1%
52;Haute-Marne;2014;-2.18;2. De -5% à -1%
29;Finistère;2007;-2.18;2. De -5% à -1%
26;Drôme;2005;-2.17;2. De -5% à -1%
73;Savoie;2009;-2.17;2. De -5% à -1%
57;Moselle;2007;-2.15;2. De -5% à -1%
12;Aveyron;2007;-2.12;2. De -5% à -1%
29;Finistère;2011;-2.12;2. De -5% à -1%
6;Alpes-Maritimes;2011;-2.10;2. De -5% à -1%
87;Haute-Vienne;2012;-2.10;2. De -5% à -1%
78;Yvelines;2011;-2.10;2. De -5% à -1%
85;Vendée;2011;-2.09;2. De -5% à -1%
80;Somme;2012;-2.09;2. De -5% à -1%
87;Haute-Vienne;2006;-2.09;2. De -5% à -1%
70;Haute-Saône;2014;-2.07;2. De -5% à -1%
95;Val-d'Oise;2007;-2.06;2. De -5% à -1%
43;Haute-Loire;2011;-2.04;2. De -5% à -1%
29;Finistère;2014;-2.04;2. De -5% à -1%
74;Haute-Savoie;2007;-2.03;2. De -5% à -1%
23;Creuse;2014;-2.01;2. De -5% à -1%
45;Loiret;2014;-2.01;2. De -5% à -1%
86;Vienne;2007;-2.00;2. De -5% à -1%
52;Haute-Marne;2007;-2.00;2. De -5% à -1%
13;Bouches-du-Rhône;2011;-1.97;2. De -5% à -1%
42;Loire;2009;-1.96;2. De -5% à -1%
17;Charente-Maritime;2011;-1.94;2. De -5% à -1%
92;Hauts-de-Seine;2007;-1.92;2. De -5% à -1%
47;Lot-et-Garonne;2012;-1.91;2. De -5% à -1%
91;Essonne;2007;-1.91;2. De -5% à -1%
72;Sarthe;2011;-1.90;2. De -5% à -1%
26;Drôme;2007;-1.88;2. De -5% à -1%
45;Loiret;2013;-1.88;2. De -5% à -1%
94;Val-de-Marne;2011;-1.87;2. De -5% à -1%
22;Côtes-d'Armor;2010;-1.84;2. De -5% à -1%
28;Eure-et-Loir;2009;-1.83;2. De -5% à -1%
8;Ardennes;2014;-1.82;2. De -5% à -1%
78;Yvelines;2014;-1.82;2. De -5% à -1%
65;Hautes-Pyrénées;2011;-1.81;2. De -5% à -1%
21;Côte-d'Or;2009;-1.81;2. De -5% à -1%
48;Lozère;2014;-1.81;2. De -5% à -1%
10;Aube;2007;-1.79;2. De -5% à -1%
41;Loir-et-Cher;2014;-1.79;2. De -5% à -1%
77;Seine-et-Marne;2013;-1.76;2. De -5% à -1%
67;Bas-Rhin;2007;-1.76;2. De -5% à -1%
43;Haute-Loire;2010;-1.76;2. De -5% à -1%
55;Meuse;2013;-1.76;2. De -5% à -1%
8;Ardennes;2010;-1.75;2. De -5% à -1%
50;Manche;2014;-1.74;2. De -5% à -1%
90;Territoire-de-Belfort;2012;-1.73;2. De -5% à -1%
61;Orne;2010;-1.72;2. De -5% à -1%
24;Dordogne;2013;-1.72;2. De -5% à -1%
10;Aube;2014;-1.72;2. De -5% à -1%
43;Haute-Loire;2004;-1.71;2. De -5% à -1%
50;Manche;2007;-1.69;2. De -5% à -1%
56;Morbihan;2011;-1.68;2. De -5% à -1%
64;Pyrénées-Atlantiques;2011;-1.67;2. De -5% à -1%
81;Tarn;2012;-1.67;2. De -5% à -1%
3;Allier;2004;-1.65;2. De -5% à -1%
41;Loir-et-Cher;2007;-1.65;2. De -5% à -1%
5;Hautes-Alpes;2014;-1.64;2. De -5% à -1%
84;Vaucluse;2007;-1.63;2. De -5% à -1%
9;Ariège;2005;-1.63;2. De -5% à -1%
81;Tarn;2007;-1.63;2. De -5% à -1%
50;Manche;2006;-1.63;2. De -5% à -1%
51;Marne;2014;-1.61;2. De -5% à -1%
80;Somme;2011;-1.60;2. De -5% à -1%
41;Loir-et-Cher;2009;-1.59;2. De -5% à -1%
83;Var;2009;-1.58;2. De -5% à -1%
84;Vaucluse;2014;-1.58;2. De -5% à -1%
2;Aisne;2011;-1.57;2. De -5% à -1%
72;Sarthe;2012;-1.57;2. De -5% à -1%
51;Marne;2011;-1.56;2. De -5% à -1%
48;Lozère;2005;-1.55;2. De -5% à -1%
14;Calvados;2008;-1.53;2. De -5% à -1%
64;Pyrénées-Atlantiques;2004;-1.52;2. De -5% à -1%
23;Creuse;2006;-1.52;2. De -5% à -1%
85;Vendée;2010;-1.52;2. De -5% à -1%
57;Moselle;2009;-1.51;2. De -5% à -1%
67;Bas-Rhin;2004;-1.50;2. De -5% à -1%
19;Corrèze;2012;-1.50;2. De -5% à -1%
22;Côtes-d'Armor;2004;-1.50;2. De -5% à -1%
27;Eure;2014;-1.50;2. De -5% à -1%
54;Meurthe-et-Moselle;2005;-1.49;2. De -5% à -1%
80;Somme;2013;-1.46;2. De -5% à -1%
69;Rhône;2013;-1.45;2. De -5% à -1%
3;Allier;2014;-1.44;2. De -5% à -1%
39;Jura;2014;-1.42;2. De -5% à -1%
19;Corrèze;2009;-1.41;2. De -5% à -1%
13;Bouches-du-Rhône;2014;-1.41;2. De -5% à -1%
38;Isère;2013;-1.40;2. De -5% à -1%
11;Aude;2013;-1.39;2. De -5% à -1%
45;Loiret;2008;-1.39;2. De -5% à -1%
80;Somme;2004;-1.39;2. De -5% à -1%
2;Aisne;2014;-1.39;2. De -5% à -1%
69;Rhône;2007;-1.38;2. De -5% à -1%
88;Vosges;2008;-1.38;2. De -5% à -1%
75;Paris;2005;-1.38;2. De -5% à -1%
35;Ille-et-Vilaine;2014;-1.37;2. De -5% à -1%
26;Drôme;2009;-1.37;2. De -5% à -1%
57;Moselle;2013;-1.36;2. De -5% à -1%
76;Seine-Maritime;2004;-1.34;2. De -5% à -1%
89;Yonne;2009;-1.33;2. De -5% à -1%
60;Oise;2009;-1.33;2. De -5% à -1%
79;Deux-Sèvres;2011;-1.33;2. De -5% à -1%
63;Puy-de-Dôme;2009;-1.33;2. De -5% à -1%
10;Aube;2012;-1.32;2. De -5% à -1%
54;Meurthe-et-Moselle;2012;-1.32;2. De -5% à -1%
85;Vendée;2014;-1.31;2. De -5% à -1%
40;Landes;2005;-1.30;2. De -5% à -1%
70;Haute-Saône;2012;-1.29;2. De -5% à -1%
62;Pas-de-Calais;2014;-1.29;2. De -5% à -1%
82;Tarn-et-Garonne;2012;-1.28;2. De -5% à -1%
35;Ille-et-Vilaine;2013;-1.26;2. De -5% à -1%
64;Pyrénées-Atlantiques;2010;-1.25;2. De -5% à -1%
18;Cher;2012;-1.23;2. De -5% à -1%
68;Haut-Rhin;2012;-1.22;2. De -5% à -1%
52;Haute-Marne;2008;-1.21;2. De -5% à -1%
62;Pas-de-Calais;2009;-1.21;2. De -5% à -1%
32;Gers;2013;-1.20;2. De -5% à -1%
68;Haut-Rhin;2013;-1.19;2. De -5% à -1%
56;Morbihan;2014;-1.19;2. De -5% à -1%
59;Nord;2014;-1.19;2. De -5% à -1%
75;Paris;2013;-1.18;2. De -5% à -1%
76;Seine-Maritime;2011;-1.18;2. De -5% à -1%
2;Aisne;2004;-1.17;2. De -5% à -1%
92;Hauts-de-Seine;2012;-1.17;2. De -5% à -1%
80;Somme;2007;-1.17;2. De -5% à -1%
38;Isère;2007;-1.16;2. De -5% à -1%
60;Oise;2013;-1.16;2. De -5% à -1%
18;Cher;2008;-1.14;2. De -5% à -1%
30;Gard;2009;-1.12;2. De -5% à -1%
29;Finistère;2005;-1.12;2. De -5% à -1%
68;Haut-Rhin;2004;-1.11;2. De -5% à -1%
39;Jura;2010;-1.10;2. De -5% à -1%
26;Drôme;2012;-1.10;2. De -5% à -1%
90;Territoire-de-Belfort;2010;-1.10;2. De -5% à -1%
25;Doubs;2014;-1.08;2. De -5% à -1%
35;Ille-et-Vilaine;2012;-1.08;2. De -5% à -1%
4;Alpes-de-Haute-Provence;2012;-1.08;2. De -5% à -1%
79;Deux-Sèvres;2013;-1.07;2. De -5% à -1%
7;Ardèche;2008;-1.06;2. De -5% à -1%
94;Val-de-Marne;2013;-1.04;2. De -5% à -1%
67;Bas-Rhin;2012;-1.04;2. De -5% à -1%
6;Alpes-Maritimes;2007;-1.03;2. De -5% à -1%
49;Maine-et-Loire;2009;-1.02;2. De -5% à -1%
71;Saône-et-Loire;2012;-1.02;2. De -5% à -1%
2;Aisne;2009;-1.01;2. De -5% à -1%
26;Drôme;2014;-1.01;2. De -5% à -1%
33;Gironde;2011;-1.00;2. De -5% à -1%
18;Cher;2014;-0.99;3. De -1% à 1%
74;Haute-Savoie;2004;-0.97;3. De -1% à 1%
13;Bouches-du-Rhône;2007;-0.97;3. De -1% à 1%
16;Charente;2007;-0.96;3. De -1% à 1%
21;Côte-d'Or;2011;-0.96;3. De -1% à 1%
71;Saône-et-Loire;2011;-0.92;3. De -1% à 1%
21;Côte-d'Or;2008;-0.91;3. De -1% à 1%
18;Cher;2004;-0.91;3. De -1% à 1%
5;Hautes-Alpes;2007;-0.89;3. De -1% à 1%
59;Nord;2007;-0.89;3. De -1% à 1%
72;Sarthe;2013;-0.87;3. De -1% à 1%
14;Calvados;2011;-0.86;3. De -1% à 1%
70;Haute-Saône;2010;-0.86;3. De -1% à 1%
50;Manche;2011;-0.86;3. De -1% à 1%
61;Orne;2014;-0.85;3. De -1% à 1%
8;Ardennes;2008;-0.84;3. De -1% à 1%
9;Ariège;2013;-0.84;3. De -1% à 1%
54;Meurthe-et-Moselle;2009;-0.84;3. De -1% à 1%
60;Oise;2012;-0.82;3. De -1% à 1%
59;Nord;2005;-0.82;3. De -1% à 1%
76;Seine-Maritime;2012;-0.82;3. De -1% à 1%
45;Loiret;2011;-0.81;3. De -1% à 1%
27;Eure;2012;-0.80;3. De -1% à 1%
47;Lot-et-Garonne;2007;-0.79;3. De -1% à 1%
65;Hautes-Pyrénées;2007;-0.79;3. De -1% à 1%
24;Dordogne;2005;-0.76;3. De -1% à 1%
12;Aveyron;2008;-0.76;3. De -1% à 1%
54;Meurthe-et-Moselle;2014;-0.76;3. De -1% à 1%
34;Hérault;2012;-0.75;3. De -1% à 1%
77;Seine-et-Marne;2012;-0.74;3. De -1% à 1%
44;Loire-Atlantique;2014;-0.73;3. De -1% à 1%
11;Aude;2010;-0.71;3. De -1% à 1%
92;Hauts-de-Seine;2013;-0.71;3. De -1% à 1%
25;Doubs;2012;-0.70;3. De -1% à 1%
25;Doubs;2013;-0.68;3. De -1% à 1%
84;Vaucluse;2010;-0.67;3. De -1% à 1%
74;Haute-Savoie;2009;-0.66;3. De -1% à 1%
81;Tarn;2009;-0.64;3. De -1% à 1%
75;Paris;2008;-0.64;3. De -1% à 1%
35;Ille-et-Vilaine;2007;-0.64;3. De -1% à 1%
31;Haute-Garonne;2004;-0.64;3. De -1% à 1%
31;Haute-Garonne;2009;-0.64;3. De -1% à 1%
88;Vosges;2004;-0.63;3. De -1% à 1%
93;Seine-Saint-Denis;2007;-0.62;3. De -1% à 1%
47;Lot-et-Garonne;2008;-0.62;3. De -1% à 1%
60;Oise;2004;-0.62;3. De -1% à 1%
39;Jura;2012;-0.62;3. De -1% à 1%
10;Aube;2010;-0.61;3. De -1% à 1%
33;Gironde;2005;-0.61;3. De -1% à 1%
32;Gers;2004;-0.61;3. De -1% à 1%
89;Yonne;2005;-0.60;3. De -1% à 1%
22;Côtes-d'Armor;2012;-0.59;3. De -1% à 1%
7;Ardèche;2011;-0.59;3. De -1% à 1%
17;Charente-Maritime;2004;-0.59;3. De -1% à 1%
66;Pyrénées-Orientales;2013;-0.59;3. De -1% à 1%
76;Seine-Maritime;2009;-0.59;3. De -1% à 1%
73;Savoie;2008;-0.58;3. De -1% à 1%
5;Hautes-Alpes;2005;-0.57;3. De -1% à 1%
55;Meuse;2012;-0.57;3. De -1% à 1%
62;Pas-de-Calais;2007;-0.57;3. De -1% à 1%
86;Vienne;2004;-0.57;3. De -1% à 1%
15;Cantal;2012;-0.57;3. De -1% à 1%
65;Hautes-Pyrénées;2010;-0.56;3. De -1% à 1%
24;Dordogne;2011;-0.55;3. De -1% à 1%
66;Pyrénées-Orientales;2011;-0.53;3. De -1% à 1%
93;Seine-Saint-Denis;2011;-0.53;3. De -1% à 1%
4;Alpes-de-Haute-Provence;2005;-0.53;3. De -1% à 1%
38;Isère;2009;-0.52;3. De -1% à 1%
91;Essonne;2009;-0.52;3. De -1% à 1%
16;Charente;2013;-0.52;3. De -1% à 1%
35;Ille-et-Vilaine;2004;-0.51;3. De -1% à 1%
73;Savoie;2013;-0.50;3. De -1% à 1%
79;Deux-Sèvres;2007;-0.49;3. De -1% à 1%
42;Loire;2011;-0.49;3. De -1% à 1%
5;Hautes-Alpes;2008;-0.48;3. De -1% à 1%
60;Oise;2010;-0.48;3. De -1% à 1%
22;Côtes-d'Armor;2005;-0.47;3. De -1% à 1%
74;Haute-Savoie;2011;-0.47;3. De -1% à 1%
86;Vienne;2014;-0.47;3. De -1% à 1%
59;Nord;2012;-0.45;3. De -1% à 1%
63;Puy-de-Dôme;2008;-0.45;3. De -1% à 1%
49;Maine-et-Loire;2013;-0.45;3. De -1% à 1%
12;Aveyron;2011;-0.45;3. De -1% à 1%
21;Côte-d'Or;2004;-0.44;3. De -1% à 1%
90;Territoire-de-Belfort;2011;-0.44;3. De -1% à 1%
92;Hauts-de-Seine;2011;-0.44;3. De -1% à 1%
59;Nord;2013;-0.44;3. De -1% à 1%
54;Meurthe-et-Moselle;2011;-0.43;3. De -1% à 1%
90;Territoire-de-Belfort;2007;-0.42;3. De -1% à 1%
60;Oise;2007;-0.42;3. De -1% à 1%
47;Lot-et-Garonne;2014;-0.42;3. De -1% à 1%
40;Landes;2013;-0.41;3. De -1% à 1%
37;Indre-et-Loire;2004;-0.39;3. De -1% à 1%
17;Charente-Maritime;2010;-0.39;3. De -1% à 1%
53;Mayenne;2009;-0.38;3. De -1% à 1%
48;Lozère;2007;-0.38;3. De -1% à 1%
38;Isère;2014;-0.38;3. De -1% à 1%
71;Saône-et-Loire;2009;-0.38;3. De -1% à 1%
68;Haut-Rhin;2005;-0.37;3. De -1% à 1%
15;Cantal;2005;-0.36;3. De -1% à 1%
68;Haut-Rhin;2008;-0.36;3. De -1% à 1%
5;Hautes-Alpes;2004;-0.36;3. De -1% à 1%
31;Haute-Garonne;2013;-0.35;3. De -1% à 1%
43;Haute-Loire;2009;-0.33;3. De -1% à 1%
62;Pas-de-Calais;2011;-0.32;3. De -1% à 1%
28;Eure-et-Loir;2014;-0.32;3. De -1% à 1%
30;Gard;2011;-0.32;3. De -1% à 1%
35;Ille-et-Vilaine;2010;-0.32;3. De -1% à 1%
84;Vaucluse;2005;-0.32;3. De -1% à 1%
1;Ain;2012;-0.32;3. De -1% à 1%
57;Moselle;2014;-0.32;3. De -1% à 1%
82;Tarn-et-Garonne;2010;-0.31;3. De -1% à 1%
89;Yonne;2007;-0.31;3. De -1% à 1%
32;Gers;2014;-0.30;3. De -1% à 1%
78;Yvelines;2012;-0.30;3. De -1% à 1%
45;Loiret;2009;-0.29;3. De -1% à 1%
95;Val-d'Oise;2012;-0.29;3. De -1% à 1%
34;Hérault;2009;-0.26;3. De -1% à 1%
48;Lozère;2008;-0.26;3. De -1% à 1%
92;Hauts-de-Seine;2005;-0.25;3. De -1% à 1%
52;Haute-Marne;2004;-0.24;3. De -1% à 1%
41;Loir-et-Cher;2010;-0.24;3. De -1% à 1%
85;Vendée;2008;-0.24;3. De -1% à 1%
25;Doubs;2005;-0.24;3. De -1% à 1%
1;Ain;2011;-0.23;3. De -1% à 1%
72;Sarthe;2010;-0.22;3. De -1% à 1%
58;Nièvre;2010;-0.20;3. De -1% à 1%
24;Dordogne;2014;-0.20;3. De -1% à 1%
69;Rhône;2011;-0.20;3. De -1% à 1%
24;Dordogne;2010;-0.19;3. De -1% à 1%
10;Aube;2006;-0.19;3. De -1% à 1%
29;Finistère;2012;-0.19;3. De -1% à 1%
95;Val-d'Oise;2009;-0.18;3. De -1% à 1%
59;Nord;2009;-0.17;3. De -1% à 1%
80;Somme;2005;-0.16;3. De -1% à 1%
76;Seine-Maritime;2008;-0.16;3. De -1% à 1%
33;Gironde;2007;-0.15;3. De -1% à 1%
71;Saône-et-Loire;2004;-0.14;3. De -1% à 1%
78;Yvelines;2009;-0.14;3. De -1% à 1%
28;Eure-et-Loir;2004;-0.13;3. De -1% à 1%
83;Var;2011;-0.12;3. De -1% à 1%
94;Val-de-Marne;2012;-0.11;3. De -1% à 1%
60;Oise;2014;-0.11;3. De -1% à 1%
86;Vienne;2012;-0.10;3. De -1% à 1%
92;Hauts-de-Seine;2009;-0.10;3. De -1% à 1%
67;Bas-Rhin;2009;-0.10;3. De -1% à 1%
63;Puy-de-Dôme;2007;-0.09;3. De -1% à 1%
91;Essonne;2011;-0.09;3. De -1% à 1%
85;Vendée;2012;-0.08;3. De -1% à 1%
14;Calvados;2005;-0.07;3. De -1% à 1%
59;Nord;2011;-0.07;3. De -1% à 1%
8;Ardennes;2005;-0.06;3. De -1% à 1%
51;Marne;2009;-0.06;3. De -1% à 1%
50;Manche;2004;-0.05;3. De -1% à 1%
36;Indre;2012;-0.05;3. De -1% à 1%
80;Somme;2006;-0.04;3. De -1% à 1%
77;Seine-et-Marne;2007;-0.04;3. De -1% à 1%
27;Eure;2009;-0.04;3. De -1% à 1%
82;Tarn-et-Garonne;2005;-0.04;3. De -1% à 1%
34;Hérault;2013;-0.02;3. De -1% à 1%
78;Yvelines;2008;-0.02;3. De -1% à 1%
21;Côte-d'Or;2012;-0.02;3. De -1% à 1%
33;Gironde;2012;-0.01;3. De -1% à 1%
7;Ardèche;2007;0.00;3. De -1% à 1%
4;Alpes-de-Haute-Provence;2008;0.00;3. De -1% à 1%
44;Loire-Atlantique;2013;0.01;3. De -1% à 1%
92;Hauts-de-Seine;2010;0.01;3. De -1% à 1%
27;Eure;2010;0.01;3. De -1% à 1%
44;Loire-Atlantique;2009;0.02;3. De -1% à 1%
91;Essonne;2013;0.02;3. De -1% à 1%
87;Haute-Vienne;2014;0.03;3. De -1% à 1%
45;Loiret;2012;0.03;3. De -1% à 1%
93;Seine-Saint-Denis;2013;0.04;3. De -1% à 1%
81;Tarn;2014;0.05;3. De -1% à 1%
24;Dordogne;2007;0.05;3. De -1% à 1%
91;Essonne;2012;0.07;3. De -1% à 1%
82;Tarn-et-Garonne;2014;0.07;3. De -1% à 1%
31;Haute-Garonne;2007;0.07;3. De -1% à 1%
49;Maine-et-Loire;2011;0.08;3. De -1% à 1%
36;Indre;2004;0.09;3. De -1% à 1%
55;Meuse;2007;0.09;3. De -1% à 1%
27;Eure;2004;0.10;3. De -1% à 1%
82;Tarn-et-Garonne;2009;0.10;3. De -1% à 1%
45;Loiret;2007;0.10;3. De -1% à 1%
59;Nord;2008;0.11;3. De -1% à 1%
43;Haute-Loire;2013;0.13;3. De -1% à 1%
50;Manche;2010;0.13;3. De -1% à 1%
51;Marne;2006;0.14;3. De -1% à 1%
28;Eure-et-Loir;2012;0.14;3. De -1% à 1%
92;Hauts-de-Seine;2004;0.17;3. De -1% à 1%
6;Alpes-Maritimes;2014;0.17;3. De -1% à 1%
21;Côte-d'Or;2014;0.17;3. De -1% à 1%
56;Morbihan;2012;0.19;3. De -1% à 1%
62;Pas-de-Calais;2013;0.19;3. De -1% à 1%
84;Vaucluse;2009;0.20;3. De -1% à 1%
57;Moselle;2010;0.21;3. De -1% à 1%
27;Eure;2006;0.22;3. De -1% à 1%
90;Territoire-de-Belfort;2009;0.22;3. De -1% à 1%
33;Gironde;2014;0.22;3. De -1% à 1%
83;Var;2005;0.23;3. De -1% à 1%
95;Val-d'Oise;2011;0.23;3. De -1% à 1%
92;Hauts-de-Seine;2014;0.25;3. De -1% à 1%
37;Indre-et-Loire;2009;0.25;3. De -1% à 1%
18;Cher;2013;0.26;3. De -1% à 1%
76;Seine-Maritime;2005;0.26;3. De -1% à 1%
39;Jura;2008;0.26;3. De -1% à 1%
95;Val-d'Oise;2013;0.28;3. De -1% à 1%
72;Sarthe;2014;0.29;3. De -1% à 1%
78;Yvelines;2013;0.30;3. De -1% à 1%
27;Eure;2011;0.30;3. De -1% à 1%
14;Calvados;2004;0.32;3. De -1% à 1%
22;Côtes-d'Armor;2008;0.32;3. De -1% à 1%
68;Haut-Rhin;2009;0.33;3. De -1% à 1%
17;Charente-Maritime;2006;0.33;3. De -1% à 1%
19;Corrèze;2006;0.34;3. De -1% à 1%
3;Allier;2008;0.37;3. De -1% à 1%
76;Seine-Maritime;2007;0.39;3. De -1% à 1%
94;Val-de-Marne;2005;0.41;3. De -1% à 1%
42;Loire;2007;0.41;3. De -1% à 1%
49;Maine-et-Loire;2008;0.42;3. De -1% à 1%
59;Nord;2004;0.44;3. De -1% à 1%
44;Loire-Atlantique;2012;0.44;3. De -1% à 1%
83;Var;2007;0.45;3. De -1% à 1%
53;Mayenne;2012;0.46;3. De -1% à 1%
71;Saône-et-Loire;2010;0.46;3. De -1% à 1%
77;Seine-et-Marne;2009;0.47;3. De -1% à 1%
64;Pyrénées-Atlantiques;2012;0.48;3. De -1% à 1%
21;Côte-d'Or;2007;0.48;3. De -1% à 1%
34;Hérault;2007;0.50;3. De -1% à 1%
11;Aude;2009;0.50;3. De -1% à 1%
15;Cantal;2006;0.50;3. De -1% à 1%
11;Aude;2011;0.50;3. De -1% à 1%
6;Alpes-Maritimes;2013;0.51;3. De -1% à 1%
48;Lozère;2004;0.52;3. De -1% à 1%
50;Manche;2008;0.52;3. De -1% à 1%
39;Jura;2007;0.53;3. De -1% à 1%
13;Bouches-du-Rhône;2009;0.53;3. De -1% à 1%
62;Pas-de-Calais;2005;0.53;3. De -1% à 1%
59;Nord;2010;0.53;3. De -1% à 1%
57;Moselle;2006;0.55;3. De -1% à 1%
77;Seine-et-Marne;2011;0.57;3. De -1% à 1%
79;Deux-Sèvres;2012;0.57;3. De -1% à 1%
54;Meurthe-et-Moselle;2010;0.58;3. De -1% à 1%
3;Allier;2009;0.58;3. De -1% à 1%
60;Oise;2008;0.59;3. De -1% à 1%
84;Vaucluse;2011;0.59;3. De -1% à 1%
38;Isère;2005;0.59;3. De -1% à 1%
44;Loire-Atlantique;2008;0.59;3. De -1% à 1%
67;Bas-Rhin;2008;0.60;3. De -1% à 1%
13;Bouches-du-Rhône;2004;0.62;3. De -1% à 1%
35;Ille-et-Vilaine;2009;0.62;3. De -1% à 1%
49;Maine-et-Loire;2005;0.62;3. De -1% à 1%
62;Pas-de-Calais;2010;0.63;3. De -1% à 1%
29;Finistère;2004;0.64;3. De -1% à 1%
34;Hérault;2005;0.64;3. De -1% à 1%
10;Aube;2009;0.64;3. De -1% à 1%
74;Haute-Savoie;2013;0.65;3. De -1% à 1%
57;Moselle;2005;0.65;3. De -1% à 1%
75;Paris;2014;0.65;3. De -1% à 1%
58;Nièvre;2007;0.66;3. De -1% à 1%
60;Oise;2011;0.66;3. De -1% à 1%
66;Pyrénées-Orientales;2010;0.66;3. De -1% à 1%
49;Maine-et-Loire;2004;0.67;3. De -1% à 1%
71;Saône-et-Loire;2014;0.69;3. De -1% à 1%
72;Sarthe;2009;0.69;3. De -1% à 1%
40;Landes;2012;0.70;3. De -1% à 1%
93;Seine-Saint-Denis;2010;0.71;3. De -1% à 1%
19;Corrèze;2010;0.72;3. De -1% à 1%
6;Alpes-Maritimes;2012;0.73;3. De -1% à 1%
95;Val-d'Oise;2008;0.74;3. De -1% à 1%
33;Gironde;2008;0.74;3. De -1% à 1%
1;Ain;2013;0.75;3. De -1% à 1%
73;Savoie;2014;0.76;3. De -1% à 1%
37;Indre-et-Loire;2005;0.76;3. De -1% à 1%
85;Vendée;2007;0.76;3. De -1% à 1%
42;Loire;2005;0.77;3. De -1% à 1%
29;Finistère;2008;0.78;3. De -1% à 1%
91;Essonne;2005;0.79;3. De -1% à 1%
1;Ain;2014;0.79;3. De -1% à 1%
19;Corrèze;2008;0.80;3. De -1% à 1%
44;Loire-Atlantique;2007;0.81;3. De -1% à 1%
89;Yonne;2012;0.81;3. De -1% à 1%
95;Val-d'Oise;2005;0.83;3. De -1% à 1%
3;Allier;2005;0.84;3. De -1% à 1%
28;Eure-et-Loir;2006;0.84;3. De -1% à 1%
83;Var;2012;0.84;3. De -1% à 1%
34;Hérault;2014;0.85;3. De -1% à 1%
37;Indre-et-Loire;2010;0.85;3. De -1% à 1%
63;Puy-de-Dôme;2004;0.85;3. De -1% à 1%
58;Nièvre;2011;0.86;3. De -1% à 1%
47;Lot-et-Garonne;2013;0.87;3. De -1% à 1%
88;Vosges;2009;0.88;3. De -1% à 1%
81;Tarn;2004;0.89;3. De -1% à 1%
93;Seine-Saint-Denis;2009;0.89;3. De -1% à 1%
16;Charente;2012;0.90;3. De -1% à 1%
86;Vienne;2009;0.90;3. De -1% à 1%
64;Pyrénées-Atlantiques;2005;0.90;3. De -1% à 1%
74;Haute-Savoie;2014;0.90;3. De -1% à 1%
84;Vaucluse;2013;0.90;3. De -1% à 1%
51;Marne;2004;0.91;3. De -1% à 1%
57;Moselle;2012;0.92;3. De -1% à 1%
29;Finistère;2010;0.92;3. De -1% à 1%
50;Manche;2005;0.93;3. De -1% à 1%
72;Sarthe;2004;0.93;3. De -1% à 1%
27;Eure;2007;0.93;3. De -1% à 1%
95;Val-d'Oise;2014;0.96;3. De -1% à 1%
67;Bas-Rhin;2010;0.97;3. De -1% à 1%
33;Gironde;2013;0.98;3. De -1% à 1%
22;Côtes-d'Armor;2009;1.00;4. De 1% à 5%
41;Loir-et-Cher;2012;1.01;4. De 1% à 5%
34;Hérault;2010;1.01;4. De 1% à 5%
6;Alpes-Maritimes;2005;1.02;4. De 1% à 5%
75;Paris;2004;1.03;4. De 1% à 5%
58;Nièvre;2006;1.04;4. De 1% à 5%
63;Puy-de-Dôme;2005;1.04;4. De 1% à 5%
73;Savoie;2004;1.05;4. De 1% à 5%
6;Alpes-Maritimes;2006;1.06;4. De 1% à 5%
26;Drôme;2011;1.07;4. De 1% à 5%
42;Loire;2014;1.07;4. De 1% à 5%
86;Vienne;2010;1.07;4. De 1% à 5%
88;Vosges;2005;1.08;4. De 1% à 5%
70;Haute-Saône;2009;1.09;4. De 1% à 5%
56;Morbihan;2010;1.10;4. De 1% à 5%
93;Seine-Saint-Denis;2012;1.10;4. De 1% à 5%
92;Hauts-de-Seine;2008;1.12;4. De 1% à 5%
91;Essonne;2008;1.13;4. De 1% à 5%
47;Lot-et-Garonne;2011;1.13;4. De 1% à 5%
13;Bouches-du-Rhône;2008;1.14;4. De 1% à 5%
67;Bas-Rhin;2013;1.15;4. De 1% à 5%
93;Seine-Saint-Denis;2008;1.15;4. De 1% à 5%
60;Oise;2005;1.16;4. De 1% à 5%
42;Loire;2004;1.16;4. De 1% à 5%
33;Gironde;2010;1.17;4. De 1% à 5%
94;Val-de-Marne;2004;1.17;4. De 1% à 5%
85;Vendée;2009;1.17;4. De 1% à 5%
17;Charente-Maritime;2014;1.18;4. De 1% à 5%
75;Paris;2006;1.18;4. De 1% à 5%
26;Drôme;2010;1.18;4. De 1% à 5%
17;Charente-Maritime;2009;1.19;4. De 1% à 5%
62;Pas-de-Calais;2008;1.19;4. De 1% à 5%
36;Indre;2014;1.20;4. De 1% à 5%
32;Gers;2008;1.20;4. De 1% à 5%
35;Ille-et-Vilaine;2011;1.22;4. De 1% à 5%
61;Orne;2007;1.22;4. De 1% à 5%
44;Loire-Atlantique;2004;1.22;4. De 1% à 5%
75;Paris;2010;1.24;4. De 1% à 5%
42;Loire;2012;1.24;4. De 1% à 5%
82;Tarn-et-Garonne;2007;1.24;4. De 1% à 5%
73;Savoie;2005;1.25;4. De 1% à 5%
53;Mayenne;2005;1.25;4. De 1% à 5%
41;Loir-et-Cher;2005;1.25;4. De 1% à 5%
84;Vaucluse;2004;1.25;4. De 1% à 5%
36;Indre;2008;1.28;4. De 1% à 5%
18;Cher;2005;1.28;4. De 1% à 5%
68;Haut-Rhin;2014;1.30;4. De 1% à 5%
77;Seine-et-Marne;2004;1.30;4. De 1% à 5%
16;Charente;2008;1.33;4. De 1% à 5%
38;Isère;2012;1.33;4. De 1% à 5%
33;Gironde;2004;1.34;4. De 1% à 5%
7;Ardèche;2012;1.34;4. De 1% à 5%
57;Moselle;2008;1.34;4. De 1% à 5%
40;Landes;2009;1.35;4. De 1% à 5%
89;Yonne;2013;1.37;4. De 1% à 5%
94;Val-de-Marne;2009;1.38;4. De 1% à 5%
77;Seine-et-Marne;2008;1.38;4. De 1% à 5%
38;Isère;2010;1.38;4. De 1% à 5%
71;Saône-et-Loire;2005;1.40;4. De 1% à 5%
44;Loire-Atlantique;2006;1.40;4. De 1% à 5%
84;Vaucluse;2012;1.41;4. De 1% à 5%
52;Haute-Marne;2011;1.43;4. De 1% à 5%
75;Paris;2009;1.44;4. De 1% à 5%
69;Rhône;2012;1.44;4. De 1% à 5%
49;Maine-et-Loire;2010;1.45;4. De 1% à 5%
9;Ariège;2010;1.45;4. De 1% à 5%
4;Alpes-de-Haute-Provence;2006;1.45;4. De 1% à 5%
23;Creuse;2009;1.46;4. De 1% à 5%
67;Bas-Rhin;2006;1.46;4. De 1% à 5%
42;Loire;2008;1.46;4. De 1% à 5%
13;Bouches-du-Rhône;2005;1.48;4. De 1% à 5%
11;Aude;2008;1.48;4. De 1% à 5%
14;Calvados;2009;1.48;4. De 1% à 5%
72;Sarthe;2008;1.48;4. De 1% à 5%
37;Indre-et-Loire;2012;1.49;4. De 1% à 5%
9;Ariège;2012;1.50;4. De 1% à 5%
71;Saône-et-Loire;2006;1.50;4. De 1% à 5%
87;Haute-Vienne;2011;1.53;4. De 1% à 5%
63;Puy-de-Dôme;2012;1.54;4. De 1% à 5%
2;Aisne;2010;1.57;4. De 1% à 5%
23;Creuse;2008;1.58;4. De 1% à 5%
16;Charente;2005;1.59;4. De 1% à 5%
30;Gard;2005;1.59;4. De 1% à 5%
34;Hérault;2004;1.60;4. De 1% à 5%
26;Drôme;2008;1.61;4. De 1% à 5%
87;Haute-Vienne;2008;1.62;4. De 1% à 5%
69;Rhône;2009;1.62;4. De 1% à 5%
54;Meurthe-et-Moselle;2008;1.64;4. De 1% à 5%
13;Bouches-du-Rhône;2013;1.65;4. De 1% à 5%
31;Haute-Garonne;2011;1.66;4. De 1% à 5%
53;Mayenne;2010;1.67;4. De 1% à 5%
30;Gard;2010;1.68;4. De 1% à 5%
67;Bas-Rhin;2014;1.68;4. De 1% à 5%
41;Loir-et-Cher;2004;1.69;4. De 1% à 5%
11;Aude;2007;1.69;4. De 1% à 5%
13;Bouches-du-Rhône;2012;1.70;4. De 1% à 5%
93;Seine-Saint-Denis;2005;1.70;4. De 1% à 5%
66;Pyrénées-Orientales;2009;1.70;4. De 1% à 5%
51;Marne;2010;1.71;4. De 1% à 5%
50;Manche;2012;1.71;4. De 1% à 5%
32;Gers;2009;1.72;4. De 1% à 5%
93;Seine-Saint-Denis;2004;1.72;4. De 1% à 5%
78;Yvelines;2005;1.72;4. De 1% à 5%
69;Rhône;2010;1.74;4. De 1% à 5%
1;Ain;2010;1.75;4. De 1% à 5%
74;Haute-Savoie;2006;1.75;4. De 1% à 5%
94;Val-de-Marne;2010;1.76;4. De 1% à 5%
83;Var;2008;1.76;4. De 1% à 5%
82;Tarn-et-Garonne;2011;1.78;4. De 1% à 5%
39;Jura;2004;1.79;4. De 1% à 5%
69;Rhône;2004;1.80;4. De 1% à 5%
35;Ille-et-Vilaine;2008;1.83;4. De 1% à 5%
51;Marne;2005;1.85;4. De 1% à 5%
83;Var;2010;1.86;4. De 1% à 5%
37;Indre-et-Loire;2014;1.88;4. De 1% à 5%
83;Var;2014;1.89;4. De 1% à 5%
2;Aisne;2005;1.89;4. De 1% à 5%
21;Côte-d'Or;2010;1.90;4. De 1% à 5%
19;Corrèze;2014;1.90;4. De 1% à 5%
90;Territoire-de-Belfort;2014;1.91;4. De 1% à 5%
24;Dordogne;2008;1.91;4. De 1% à 5%
51;Marne;2008;1.92;4. De 1% à 5%
62;Pas-de-Calais;2006;1.92;4. De 1% à 5%
45;Loiret;2004;1.92;4. De 1% à 5%
26;Drôme;2013;1.93;4. De 1% à 5%
70;Haute-Saône;2005;1.95;4. De 1% à 5%
77;Seine-et-Marne;2014;1.95;4. De 1% à 5%
44;Loire-Atlantique;2005;1.96;4. De 1% à 5%
65;Hautes-Pyrénées;2004;1.96;4. De 1% à 5%
77;Seine-et-Marne;2010;1.97;4. De 1% à 5%
31;Haute-Garonne;2012;1.97;4. De 1% à 5%
36;Indre;2010;1.97;4. De 1% à 5%
61;Orne;2009;1.98;4. De 1% à 5%
73;Savoie;2007;1.98;4. De 1% à 5%
47;Lot-et-Garonne;2009;1.98;4. De 1% à 5%
69;Rhône;2005;1.99;4. De 1% à 5%
94;Val-de-Marne;2008;1.99;4. De 1% à 5%
76;Seine-Maritime;2006;1.99;4. De 1% à 5%
87;Haute-Vienne;2007;2.00;4. De 1% à 5%
4;Alpes-de-Haute-Provence;2011;2.00;4. De 1% à 5%
53;Mayenne;2008;2.01;4. De 1% à 5%
40;Landes;2010;2.02;4. De 1% à 5%
12;Aveyron;2010;2.05;4. De 1% à 5%
7;Ardèche;2006;2.05;4. De 1% à 5%
81;Tarn;2011;2.06;4. De 1% à 5%
66;Pyrénées-Orientales;2012;2.06;4. De 1% à 5%
91;Essonne;2014;2.12;4. De 1% à 5%
4;Alpes-de-Haute-Provence;2007;2.15;4. De 1% à 5%
31;Haute-Garonne;2014;2.15;4. De 1% à 5%
71;Saône-et-Loire;2008;2.16;4. De 1% à 5%
88;Vosges;2013;2.18;4. De 1% à 5%
12;Aveyron;2004;2.19;4. De 1% à 5%
62;Pas-de-Calais;2004;2.20;4. De 1% à 5%
2;Aisne;2006;2.21;4. De 1% à 5%
7;Ardèche;2010;2.21;4. De 1% à 5%
69;Rhône;2006;2.22;4. De 1% à 5%
79;Deux-Sèvres;2005;2.22;4. De 1% à 5%
57;Moselle;2004;2.22;4. De 1% à 5%
80;Somme;2008;2.23;4. De 1% à 5%
78;Yvelines;2010;2.23;4. De 1% à 5%
53;Mayenne;2004;2.24;4. De 1% à 5%
4;Alpes-de-Haute-Provence;2010;2.25;4. De 1% à 5%
73;Savoie;2006;2.25;4. De 1% à 5%
83;Var;2004;2.25;4. De 1% à 5%
38;Isère;2008;2.26;4. De 1% à 5%
47;Lot-et-Garonne;2004;2.27;4. De 1% à 5%
35;Ille-et-Vilaine;2006;2.27;4. De 1% à 5%
83;Var;2006;2.28;4. De 1% à 5%
27;Eure;2005;2.30;4. De 1% à 5%
24;Dordogne;2004;2.30;4. De 1% à 5%
48;Lozère;2012;2.30;4. De 1% à 5%
16;Charente;2006;2.32;4. De 1% à 5%
42;Loire;2006;2.33;4. De 1% à 5%
44;Loire-Atlantique;2010;2.34;4. De 1% à 5%
54;Meurthe-et-Moselle;2006;2.35;4. De 1% à 5%
7;Ardèche;2014;2.36;4. De 1% à 5%
31;Haute-Garonne;2005;2.40;4. De 1% à 5%
2;Aisne;2008;2.41;4. De 1% à 5%
87;Haute-Vienne;2009;2.42;4. De 1% à 5%
21;Côte-d'Or;2006;2.43;4. De 1% à 5%
48;Lozère;2009;2.44;4. De 1% à 5%
41;Loir-et-Cher;2006;2.44;4. De 1% à 5%
74;Haute-Savoie;2005;2.44;4. De 1% à 5%
76;Seine-Maritime;2010;2.45;4. De 1% à 5%
88;Vosges;2006;2.46;4. De 1% à 5%
38;Isère;2006;2.48;4. De 1% à 5%
42;Loire;2010;2.50;4. De 1% à 5%
59;Nord;2006;2.50;4. De 1% à 5%
81;Tarn;2006;2.50;4. De 1% à 5%
32;Gers;2005;2.52;4. De 1% à 5%
41;Loir-et-Cher;2008;2.53;4. De 1% à 5%
36;Indre;2007;2.54;4. De 1% à 5%
37;Indre-et-Loire;2006;2.54;4. De 1% à 5%
47;Lot-et-Garonne;2006;2.54;4. De 1% à 5%
66;Pyrénées-Orientales;2008;2.54;4. De 1% à 5%
34;Hérault;2008;2.55;4. De 1% à 5%
28;Eure-et-Loir;2010;2.57;4. De 1% à 5%
6;Alpes-Maritimes;2010;2.58;4. De 1% à 5%
82;Tarn-et-Garonne;2008;2.59;4. De 1% à 5%
91;Essonne;2010;2.60;4. De 1% à 5%
33;Gironde;2009;2.62;4. De 1% à 5%
24;Dordogne;2006;2.62;4. De 1% à 5%
65;Hautes-Pyrénées;2014;2.63;4. De 1% à 5%
86;Vienne;2006;2.65;4. De 1% à 5%
79;Deux-Sèvres;2004;2.65;4. De 1% à 5%
64;Pyrénées-Atlantiques;2008;2.66;4. De 1% à 5%
68;Haut-Rhin;2010;2.67;4. De 1% à 5%
69;Rhône;2008;2.68;4. De 1% à 5%
74;Haute-Savoie;2010;2.70;4. De 1% à 5%
34;Hérault;2011;2.70;4. De 1% à 5%
58;Nièvre;2004;2.73;4. De 1% à 5%
93;Seine-Saint-Denis;2014;2.73;4. De 1% à 5%
85;Vendée;2004;2.73;4. De 1% à 5%
35;Ille-et-Vilaine;2005;2.76;4. De 1% à 5%
25;Doubs;2010;2.76;4. De 1% à 5%
90;Territoire-de-Belfort;2006;2.78;4. De 1% à 5%
56;Morbihan;2004;2.80;4. De 1% à 5%
30;Gard;2013;2.82;4. De 1% à 5%
10;Aube;2008;2.82;4. De 1% à 5%
89;Yonne;2006;2.83;4. De 1% à 5%
3;Allier;2010;2.84;4. De 1% à 5%
43;Haute-Loire;2005;2.86;4. De 1% à 5%
67;Bas-Rhin;2005;2.86;4. De 1% à 5%
17;Charente-Maritime;2005;2.86;4. De 1% à 5%
91;Essonne;2004;2.87;4. De 1% à 5%
3;Allier;2012;2.88;4. De 1% à 5%
46;Lot;2008;2.91;4. De 1% à 5%
31;Haute-Garonne;2010;2.96;4. De 1% à 5%
47;Lot-et-Garonne;2005;2.96;4. De 1% à 5%
91;Essonne;2006;2.97;4. De 1% à 5%
95;Val-d'Oise;2004;2.98;4. De 1% à 5%
84;Vaucluse;2006;2.98;4. De 1% à 5%
31;Haute-Garonne;2008;2.99;4. De 1% à 5%
63;Puy-de-Dôme;2006;3.00;4. De 1% à 5%
5;Hautes-Alpes;2012;3.00;4. De 1% à 5%
45;Loiret;2010;3.04;4. De 1% à 5%
64;Pyrénées-Atlantiques;2009;3.05;4. De 1% à 5%
19;Corrèze;2005;3.07;4. De 1% à 5%
69;Rhône;2014;3.08;4. De 1% à 5%
55;Meuse;2004;3.11;4. De 1% à 5%
25;Doubs;2006;3.11;4. De 1% à 5%
63;Puy-de-Dôme;2014;3.12;4. De 1% à 5%
65;Hautes-Pyrénées;2009;3.15;4. De 1% à 5%
48;Lozère;2006;3.16;4. De 1% à 5%
30;Gard;2008;3.16;4. De 1% à 5%
38;Isère;2004;3.16;4. De 1% à 5%
23;Creuse;2012;3.21;4. De 1% à 5%
26;Drôme;2004;3.22;4. De 1% à 5%
12;Aveyron;2014;3.23;4. De 1% à 5%
54;Meurthe-et-Moselle;2004;3.25;4. De 1% à 5%
89;Yonne;2008;3.27;4. De 1% à 5%
86;Vienne;2008;3.28;4. De 1% à 5%
46;Lot;2005;3.29;4. De 1% à 5%
27;Eure;2008;3.29;4. De 1% à 5%
77;Seine-et-Marne;2005;3.32;4. De 1% à 5%
39;Jura;2006;3.32;4. De 1% à 5%
6;Alpes-Maritimes;2004;3.32;4. De 1% à 5%
16;Charente;2004;3.32;4. De 1% à 5%
12;Aveyron;2005;3.33;4. De 1% à 5%
85;Vendée;2005;3.36;4. De 1% à 5%
13;Bouches-du-Rhône;2010;3.38;4. De 1% à 5%
29;Finistère;2006;3.38;4. De 1% à 5%
14;Calvados;2006;3.39;4. De 1% à 5%
78;Yvelines;2006;3.40;4. De 1% à 5%
18;Cher;2007;3.40;4. De 1% à 5%
92;Hauts-de-Seine;2006;3.41;4. De 1% à 5%
86;Vienne;2005;3.44;4. De 1% à 5%
53;Mayenne;2006;3.44;4. De 1% à 5%
36;Indre;2005;3.46;4. De 1% à 5%
18;Cher;2010;3.47;4. De 1% à 5%
51;Marne;2013;3.53;4. De 1% à 5%
89;Yonne;2004;3.61;4. De 1% à 5%
1;Ain;2006;3.61;4. De 1% à 5%
60;Oise;2006;3.64;4. De 1% à 5%
64;Pyrénées-Atlantiques;2014;3.64;4. De 1% à 5%
10;Aube;2004;3.65;4. De 1% à 5%
77;Seine-et-Marne;2006;3.65;4. De 1% à 5%
70;Haute-Saône;2004;3.66;4. De 1% à 5%
52;Haute-Marne;2006;3.70;4. De 1% à 5%
74;Haute-Savoie;2012;3.73;4. De 1% à 5%
8;Ardennes;2012;3.86;4. De 1% à 5%
15;Cantal;2004;3.87;4. De 1% à 5%
80;Somme;2010;3.88;4. De 1% à 5%
10;Aube;2005;3.91;4. De 1% à 5%
13;Bouches-du-Rhône;2006;3.93;4. De 1% à 5%
49;Maine-et-Loire;2006;3.94;4. De 1% à 5%
94;Val-de-Marne;2014;3.94;4. De 1% à 5%
17;Charente-Maritime;2008;3.95;4. De 1% à 5%
85;Vendée;2006;3.97;4. De 1% à 5%
56;Morbihan;2008;4.02;4. De 1% à 5%
90;Territoire-de-Belfort;2005;4.02;4. De 1% à 5%
1;Ain;2005;4.03;4. De 1% à 5%
52;Haute-Marne;2013;4.11;4. De 1% à 5%
25;Doubs;2004;4.12;4. De 1% à 5%
28;Eure-et-Loir;2005;4.14;4. De 1% à 5%
40;Landes;2004;4.14;4. De 1% à 5%
95;Val-d'Oise;2010;4.15;4. De 1% à 5%
3;Allier;2006;4.16;4. De 1% à 5%
43;Haute-Loire;2008;4.22;4. De 1% à 5%
4;Alpes-de-Haute-Provence;2004;4.25;4. De 1% à 5%
25;Doubs;2008;4.31;4. De 1% à 5%
65;Hautes-Pyrénées;2012;4.31;4. De 1% à 5%
93;Seine-Saint-Denis;2006;4.32;4. De 1% à 5%
73;Savoie;2010;4.34;4. De 1% à 5%
4;Alpes-de-Haute-Provence;2013;4.36;4. De 1% à 5%
28;Eure-et-Loir;2008;4.36;4. De 1% à 5%
74;Haute-Savoie;2008;4.41;4. De 1% à 5%
30;Gard;2004;4.45;4. De 1% à 5%
64;Pyrénées-Atlantiques;2006;4.46;4. De 1% à 5%
46;Lot;2012;4.50;4. De 1% à 5%
11;Aude;2006;4.54;4. De 1% à 5%
84;Vaucluse;2008;4.57;4. De 1% à 5%
16;Charente;2010;4.58;4. De 1% à 5%
9;Ariège;2004;4.59;4. De 1% à 5%
68;Haut-Rhin;2006;4.62;4. De 1% à 5%
55;Meuse;2010;4.67;4. De 1% à 5%
5;Hautes-Alpes;2006;4.73;4. De 1% à 5%
66;Pyrénées-Orientales;2006;4.73;4. De 1% à 5%
9;Ariège;2007;4.74;4. De 1% à 5%
12;Aveyron;2006;4.74;4. De 1% à 5%
34;Hérault;2006;4.77;4. De 1% à 5%
87;Haute-Vienne;2005;4.78;4. De 1% à 5%
81;Tarn;2008;4.83;4. De 1% à 5%
15;Cantal;2013;4.88;4. De 1% à 5%
46;Lot;2010;4.95;4. De 1% à 5%
5;Hautes-Alpes;2009;5.00;4. De 1% à 5%
94;Val-de-Marne;2006;5.02;5. Plus de 5%
40;Landes;2006;5.06;5. Plus de 5%
31;Haute-Garonne;2006;5.09;5. Plus de 5%
61;Orne;2006;5.10;5. Plus de 5%
32;Gers;2012;5.10;5. Plus de 5%
33;Gironde;2006;5.20;5. Plus de 5%
46;Lot;2014;5.20;5. Plus de 5%
23;Creuse;2011;5.22;5. Plus de 5%
70;Haute-Saône;2006;5.24;5. Plus de 5%
63;Puy-de-Dôme;2010;5.27;5. Plus de 5%
40;Landes;2007;5.27;5. Plus de 5%
45;Loiret;2006;5.30;5. Plus de 5%
72;Sarthe;2006;5.36;5. Plus de 5%
56;Morbihan;2006;5.37;5. Plus de 5%
1;Ain;2008;5.38;5. Plus de 5%
11;Aude;2005;5.45;5. Plus de 5%
19;Corrèze;2004;5.49;5. Plus de 5%
6;Alpes-Maritimes;2008;5.52;5. Plus de 5%
95;Val-d'Oise;2006;5.57;5. Plus de 5%
66;Pyrénées-Orientales;2005;5.63;5. Plus de 5%
32;Gers;2007;5.63;5. Plus de 5%
46;Lot;2006;5.82;5. Plus de 5%
37;Indre-et-Loire;2008;5.86;5. Plus de 5%
15;Cantal;2009;5.92;5. Plus de 5%
87;Haute-Vienne;2004;6.09;5. Plus de 5%
30;Gard;2006;6.11;5. Plus de 5%
8;Ardennes;2007;6.25;5. Plus de 5%
81;Tarn;2005;6.26;5. Plus de 5%
55;Meuse;2006;6.30;5. Plus de 5%
26;Drôme;2006;6.56;5. Plus de 5%
22;Côtes-d'Armor;2006;7.25;5. Plus de 5%
79;Deux-Sèvres;2008;7.28;5. Plus de 5%
7;Ardèche;2005;7.49;5. Plus de 5%
9;Ariège;2006;7.92;5. Plus de 5%
82;Tarn-et-Garonne;2004;8.05;5. Plus de 5%
82;Tarn-et-Garonne;2006;9.00;5. Plus de 5%
65;Hautes-Pyrénées;2006;9.02;5. Plus de 5%
23;Creuse;2005;10.14;5. Plus de 5%
